Source File	Size	loadResources	load	generateSnapshots	load-configure	scan	loadDepInfo	loadInfo	checkR4R4B	generateNarratives	validate	loadLists	checkConformanceResources	checkConformanceResources2	checkConformanceResources3	generateLogicalMaps	validateExpressions	scanForUsageStats	checkURLsUnique	processProvenanceDetails	generate1	generate2	generateLogicals	makeDependencies	generateExampleZip	generateValidationPack	scanProfilesForR5	scanExamplesForR5
/fsh-generated/resources/ImplementationGuide-mentalhealth.fhir.ig.json	7904	-	0	0	0	0	0	0	2	2666	0	0	0	0	0	0	0	1	0	0	67	109	0	0	0	3	0	1
fsh-generated/resources/CodeSystem-ethnic-code-cs.json	945	11	0	0	1	0	0	0	0	20	0	0	0	0	0	0	0	0	0	0	15	1404	0	1	0	0	0	0
fsh-generated/resources/CodeSystem-improvement-status.json	735	11	0	0	0	0	0	0	0	12	0	0	0	0	0	0	0	0	0	0	16	30	0	0	0	0	0	0
fsh-generated/resources/Condition-example-primary-diagnosis.json	926	11	0	0	0	0	0	0	0	5	0	0	0	0	0	0	0	1	0	0	11	10	0	0	1	0	0	0
fsh-generated/resources/Patient-ExamplePatient.json	1142	10	0	0	0	0	0	0	0	276	0	0	0	0	0	0	0	0	0	0	12	10	0	0	0	0	0	0
fsh-generated/resources/ServiceRequest-ExampleReferralToPsychiatrist.json	1037	11	0	0	0	0	0	0	0	11	0	0	0	0	0	0	0	0	0	0	17	12	0	0	0	0	0	0
fsh-generated/resources/StructureDefinition-MentalHealthImprovementStatus.json	3070	11	0	57	0	0	0	0	1	42	0	0	0	0	0	0	0	2	0	0	277	743	0	19	0	9	0	1
fsh-generated/resources/StructureDefinition-MentalHealthReferralRequest.json	3347	11	0	52	0	0	0	0	0	26	0	0	1	0	0	0	0	2	0	0	330	501	0	0	0	8	0	2
fsh-generated/resources/StructureDefinition-MentalHealthTreatmentFollowupStatus.json	2770	10	0	52	0	0	0	0	0	23	0	0	0	0	0	0	0	0	0	0	253	427	0	0	0	7	0	0
fsh-generated/resources/StructureDefinition-ethnic-code.json	1480	11	0	20	0	0	0	0	0	37	0	0	0	0	0	0	0	1	0	0	39	136	0	0	0	1	0	0
fsh-generated/resources/StructureDefinition-mental-health-condition.json	2935	10	0	33	0	0	0	0	0	21	0	0	0	0	0	0	0	0	0	0	211	246	0	0	0	4	0	1
fsh-generated/resources/StructureDefinition-mental-patient.json	3069	11	0	37	0	0	0	0	0	22	0	0	0	0	0	0	0	1	0	0	224	451	0	0	0	6	0	0
fsh-generated/resources/ValueSet-ethnic-code-vs.json	435	11	0	0	0	0	0	0	0	35	0	0	0	0	0	0	0	0	0	0	8	44	0	0	0	1	0	0
fsh-generated/resources/ValueSet-improvement-status-vs.json	419	9	0	0	0	0	0	0	0	10	0	0	0	0	0	0	0	0	0	0	8	27	0	0	0	0	0	0
input/examples/ExampleMentalHealthObservationImprovementStatus.json	428	11	0	0	0	0	0	0	0	3	0	0	0	0	0	0	0	0	0	0	6	9	0	0	0	0	0	0
input/examples/ExampleMentalHealthObservationTreatmentFollowupStatus.json	572	10	0	0	0	0	0	0	0	24	0	0	0	0	0	0	0	0	0	0	8	7	0	0	0	0	0	0
input/examples/ExampleMentalHealthServiceRequest.json	858	10	0	0	0	0	0	0	0	3	0	0	0	0	0	0	0	0	0	0	7	6	0	0	0	0	0	0
